date,application,phishing_incidents,risky_signins,malware_incidents,powershell_incidents,failed_logins,unusual_connections,inbound_mb,outbound_mb,risk_score
2026-07-03,Finance Portal,0,2,2,1,25,3,585,954,60
2026-07-03,HR Application,3,0,0,0,16,18,1334,3130,74
2026-07-03,Email Gateway,3,1,1,2,20,0,626,914,53
2026-07-03,Customer Portal,2,1,0,1,9,1,1078,299,28
2026-07-03,Internal Wiki,2,4,1,0,32,8,555,1196,78
2026-07-04,Finance Portal,0,4,1,2,40,3,442,246,75
2026-07-04,HR Application,1,0,1,1,32,5,633,579,53
2026-07-04,Email Gateway,2,0,2,2,13,8,801,367,74
2026-07-04,Customer Portal,2,4,0,2,23,11,769,3833,88
2026-07-04,Internal Wiki,2,0,0,2,23,3,1322,605,44
2026-07-05,Finance Portal,3,3,1,0,36,8,1403,469,79
2026-07-05,HR Application,3,2,0,0,35,14,486,2922,82
2026-07-05,Email Gateway,1,3,2,0,27,6,1258,741,70
2026-07-05,Customer Portal,0,0,2,2,20,5,528,500,61
2026-07-05,Internal Wiki,3,0,2,2,19,8,665,719,82
2026-07-06,Finance Portal,2,6,2,0,17,5,630,752,82
2026-07-06,HR Application,2,3,0,0,26,4,790,259,48
2026-07-06,Email Gateway,0,0,2,1,7,8,557,331,56
2026-07-06,Customer Portal,1,2,2,2,30,3,1404,973,74
2026-07-06,Internal Wiki,1,2,1,2,26,7,1359,662,74
2026-07-07,Finance Portal,1,0,1,0,23,3,314,272,34
2026-07-07,HR Application,0,0,1,0,35,3,870,885,36
2026-07-07,Email Gateway,1,4,2,1,18,7,1133,394,82
2026-07-07,Customer Portal,3,2,1,1,32,0,501,262,56
2026-07-07,Internal Wiki,2,0,0,0,15,8,1218,343,40
2026-07-08,Finance Portal,2,3,0,0,36,8,500,251,65
2026-07-08,HR Application,1,1,1,1,33,8,1121,4176,68
2026-07-08,Email Gateway,3,2,1,1,30,8,1296,358,79
2026-07-08,Customer Portal,1,0,2,2,6,5,417,251,58
2026-07-08,Internal Wiki,1,0,2,0,14,1,439,891,34
2026-07-09,Finance Portal,3,1,2,0,20,1,1158,873,50
2026-07-09,HR Application,1,2,0,1,28,2,914,668,42
2026-07-09,Email Gateway,0,0,1,2,9,1,1401,418,34
2026-07-09,Customer Portal,1,2,0,0,26,4,623,648,39
2026-07-09,Internal Wiki,2,4,2,2,3,8,913,1154,90
2026-07-10,Finance Portal,1,2,0,0,27,4,877,819,40
2026-07-10,HR Application,2,4,1,1,6,1,1167,1049,52
2026-07-10,Email Gateway,0,2,0,2,19,2,1204,764,42
2026-07-10,Customer Portal,0,0,0,2,12,8,373,1054,46
2026-07-10,Internal Wiki,1,3,0,0,22,5,381,1120,45
2026-07-11,Finance Portal,1,1,1,2,39,2,784,1085,60
2026-07-11,HR Application,0,1,2,1,29,3,846,363,56
2026-07-11,Email Gateway,0,3,0,1,17,3,1242,558,40
2026-07-11,Customer Portal,1,1,0,2,15,6,972,485,50
2026-07-11,Internal Wiki,2,2,2,2,28,15,978,3730,100
2026-07-12,Finance Portal,2,1,0,2,38,5,942,646,63
2026-07-12,HR Application,1,2,0,2,30,0,1364,1147,45
2026-07-12,Email Gateway,1,2,1,0,24,5,555,937,51
2026-07-12,Customer Portal,2,3,1,1,21,8,560,396,76
2026-07-12,Internal Wiki,3,1,2,2,22,14,1422,3728,100
2026-07-13,Finance Portal,3,6,2,2,43,7,1204,652,100
2026-07-13,HR Application,1,0,1,2,24,1,781,888,45
2026-07-13,Email Gateway,1,1,0,0,18,7,449,666,39
2026-07-13,Customer Portal,1,3,1,1,18,2,311,1114,52
2026-07-13,Internal Wiki,0,3,0,0,32,0,1441,455,31
2026-07-14,Finance Portal,0,3,0,1,42,7,1333,636,65
2026-07-14,HR Application,3,3,1,0,20,8,1292,841,71
2026-07-14,Email Gateway,3,0,2,1,18,4,987,527,61
2026-07-14,Customer Portal,0,1,0,0,27,2,738,265,24
2026-07-14,Internal Wiki,2,4,1,1,6,3,1160,598,58
2026-07-15,Finance Portal,0,6,1,1,21,5,911,971,74
2026-07-15,HR Application,1,3,0,1,30,7,359,598,63
2026-07-15,Email Gateway,3,1,1,0,4,13,1455,4133,68
2026-07-15,Customer Portal,3,1,0,1,27,5,733,665,54
2026-07-15,Internal Wiki,3,2,1,1,8,7,339,967,65
2026-07-16,Finance Portal,2,1,2,0,14,0,806,404,40
2026-07-16,HR Application,1,3,2,0,16,7,824,985,68
2026-07-16,Email Gateway,0,1,1,0,4,4,1479,893,29
2026-07-16,Customer Portal,3,3,2,0,7,3,508,913,60
2026-07-16,Internal Wiki,0,4,0,1,30,5,441,718,58
2026-07-17,Finance Portal,0,5,1,0,40,5,1241,924,70
2026-07-17,HR Application,2,4,2,1,32,6,849,530,90
2026-07-17,Email Gateway,0,2,1,0,32,6,988,229,54
2026-07-17,Customer Portal,2,1,1,0,25,4,997,486,48
2026-07-17,Internal Wiki,2,4,0,2,15,1,794,937,54
2026-07-18,Finance Portal,1,5,2,2,51,7,335,295,100
2026-07-18,HR Application,1,2,2,2,26,7,1433,743,84
2026-07-18,Email Gateway,2,2,2,1,20,4,814,436,68
2026-07-18,Customer Portal,1,2,0,2,14,3,743,956,46
2026-07-18,Internal Wiki,2,0,0,1,17,12,667,4196,60
2026-07-19,Finance Portal,2,1,0,2,35,2,1305,305,52
2026-07-19,HR Application,3,3,1,0,6,4,1278,316,52
2026-07-19,Email Gateway,3,3,0,2,6,2,605,1030,52
2026-07-19,Customer Portal,2,0,0,0,29,3,1370,589,32
2026-07-19,Internal Wiki,3,2,2,1,22,0,503,1170,61
2026-07-20,Finance Portal,1,4,2,0,32,14,655,2275,100
2026-07-20,HR Application,3,2,0,0,21,4,1229,272,44
2026-07-20,Email Gateway,2,4,2,0,30,1,1415,430,66
2026-07-20,Customer Portal,2,1,0,0,13,4,1465,1143,32
2026-07-20,Internal Wiki,0,3,2,1,28,4,1324,752,69
2026-07-21,Finance Portal,0,6,0,1,28,4,352,293,64
2026-07-21,HR Application,2,4,0,0,33,8,1205,1138,68
2026-07-21,Email Gateway,3,3,0,1,25,6,982,528,66
2026-07-21,Customer Portal,1,2,1,2,34,4,1120,1033,69
2026-07-21,Internal Wiki,0,3,0,1,19,5,537,1193,48
2026-07-22,Finance Portal,0,6,1,1,26,3,1361,570,70
2026-07-22,HR Application,3,0,0,1,11,4,1197,1101,38
2026-07-22,Email Gateway,0,0,2,2,18,8,936,3935,69
2026-07-22,Customer Portal,1,0,1,0,12,7,897,721,41
2026-07-22,Internal Wiki,3,3,1,0,32,8,596,592,77
2026-07-23,Finance Portal,1,0,1,1,44,22,847,3762,100
2026-07-23,HR Application,3,4,1,1,24,8,1412,586,86
2026-07-23,Email Gateway,2,1,2,0,27,3,1141,244,56
2026-07-23,Customer Portal,3,3,1,2,12,7,375,329,80
2026-07-23,Internal Wiki,2,0,1,0,32,0,595,619,34
2026-07-24,Finance Portal,1,1,1,1,41,6,464,1072,66
2026-07-24,HR Application,3,4,0,2,7,3,888,432,60
2026-07-24,Email Gateway,3,0,2,2,9,7,640,910,74
2026-07-24,Customer Portal,0,0,1,0,21,5,1067,641,36
2026-07-24,Internal Wiki,3,4,2,0,13,2,461,824,64
2026-07-25,Finance Portal,1,4,2,0,22,7,820,670,76
2026-07-25,HR Application,2,4,0,0,31,5,912,854,58
2026-07-25,Email Gateway,2,3,1,0,27,7,518,442,68
2026-07-25,Customer Portal,2,4,1,2,21,14,1110,2181,100
2026-07-25,Internal Wiki,3,2,0,2,25,3,689,835,60
2026-07-26,Finance Portal,1,0,2,2,14,4,1202,234,59
2026-07-26,HR Application,2,2,2,1,14,3,570,1005,62
2026-07-26,Email Gateway,2,4,2,1,13,4,1286,1190,74
2026-07-26,Customer Portal,2,0,1,0,12,3,1113,1190,33
2026-07-26,Internal Wiki,2,0,1,0,19,8,553,665,52
2026-07-27,Finance Portal,2,6,1,2,38,11,778,4481,100
2026-07-27,HR Application,0,3,2,1,29,1,586,246,60
2026-07-27,Email Gateway,2,3,0,0,18,8,577,597,56
2026-07-27,Customer Portal,3,4,2,2,12,6,502,1053,92
2026-07-27,Internal Wiki,3,2,0,2,26,3,1208,655,60
2026-07-28,Finance Portal,3,1,2,1,33,0,1115,482,62
2026-07-28,HR Application,1,1,2,2,4,0,983,449,47
2026-07-28,Email Gateway,2,0,2,0,16,3,972,992,45
2026-07-28,Customer Portal,1,2,0,0,19,2,525,876,30
2026-07-28,Internal Wiki,2,0,1,0,23,13,656,3695,68
2026-07-29,Finance Portal,1,2,1,1,32,8,523,662,72
2026-07-29,HR Application,3,3,2,0,6,7,1122,636,71
2026-07-29,Email Gateway,4,3,0,0,23,2,434,329,48
2026-07-29,Customer Portal,3,3,2,2,21,7,1335,819,94
2026-07-29,Internal Wiki,1,4,2,0,30,7,767,623,80
2026-07-30,Finance Portal,4,3,1,2,25,5,1174,520,84
2026-07-30,HR Application,4,0,0,0,8,6,497,962,38
2026-07-30,Email Gateway,2,4,0,2,24,1,1141,562,59
2026-07-30,Customer Portal,4,0,1,2,22,5,512,791,68
2026-07-30,Internal Wiki,2,3,0,0,25,8,1052,317,60
2026-07-31,Finance Portal,2,4,2,2,18,4,359,384,85
2026-07-31,HR Application,3,0,0,0,28,1,590,958,29
2026-07-31,Email Gateway,1,0,2,2,16,6,1159,664,66
2026-07-31,Customer Portal,3,2,2,1,8,0,618,361,54
2026-07-31,Internal Wiki,1,0,1,1,30,7,1205,624,58
2026-08-01,Finance Portal,1,3,1,0,33,7,1379,883,66
2026-08-01,HR Application,1,0,0,1,16,2,823,496,26
2026-08-01,Email Gateway,1,3,2,1,14,2,1078,745,60
2026-08-01,Customer Portal,3,0,1,2,5,6,338,670,58
2026-08-01,Internal Wiki,3,4,1,2,28,6,892,317,90
2026-08-02,Finance Portal,3,3,2,1,44,1,1194,1064,80
2026-08-02,HR Application,4,4,0,1,22,5,753,541,70
2026-08-02,Email Gateway,1,4,2,0,35,3,1015,559,70
2026-08-02,Customer Portal,2,1,0,0,19,3,655,816,32
2026-08-02,Internal Wiki,1,1,2,1,32,7,1456,858,74
2026-08-03,Finance Portal,3,4,0,1,20,7,1205,846,71
2026-08-03,HR Application,1,2,2,0,22,13,1225,2913,84
2026-08-03,Email Gateway,1,4,2,2,27,7,1488,767,94
2026-08-03,Customer Portal,1,3,2,2,15,5,1274,713,78
2026-08-03,Internal Wiki,1,3,0,1,8,8,653,240,55
2026-08-04,Finance Portal,4,4,2,2,31,5,1063,1139,100
2026-08-04,HR Application,1,2,0,1,9,8,1091,490,50
2026-08-04,Email Gateway,2,2,0,2,12,5,935,1190,55
2026-08-04,Customer Portal,4,1,2,2,8,4,1444,585,73
2026-08-04,Internal Wiki,3,1,2,2,8,13,1341,3335,96
2026-08-05,Finance Portal,2,4,1,0,25,2,617,279,56
2026-08-05,HR Application,1,2,2,0,27,2,632,385,54
2026-08-05,Email Gateway,2,3,0,1,26,3,1209,825,53
2026-08-05,Customer Portal,4,1,2,0,22,7,697,576,73
2026-08-05,Internal Wiki,4,3,1,1,35,8,1157,1189,90
2026-08-06,Finance Portal,2,5,0,1,14,7,1060,767,69
2026-08-06,HR Application,1,1,1,1,35,2,1195,293,50
2026-08-06,Email Gateway,2,3,1,0,29,0,1111,714,48
2026-08-06,Customer Portal,4,0,1,0,4,5,502,1059,43
2026-08-06,Internal Wiki,3,1,0,0,21,7,584,977,48
2026-08-07,Finance Portal,4,4,0,0,22,4,741,1055,59
2026-08-07,HR Application,3,1,1,0,6,3,1159,854,39
2026-08-07,Email Gateway,4,0,0,1,4,8,1477,447,50
2026-08-07,Customer Portal,3,3,0,2,25,3,1468,626,64
2026-08-07,Internal Wiki,1,4,1,0,35,8,1434,220,76
2026-08-08,Finance Portal,4,0,2,1,42,4,333,565,77
2026-08-08,HR Application,1,4,2,1,11,0,1021,759,58
2026-08-08,Email Gateway,2,3,2,1,14,2,429,933,64
2026-08-08,Customer Portal,4,0,1,0,5,3,385,523,38
2026-08-08,Internal Wiki,4,4,1,1,5,3,885,565,66
2026-08-09,Finance Portal,1,3,1,0,43,6,1119,961,68
2026-08-09,HR Application,2,3,2,1,26,8,846,1020,88
2026-08-09,Email Gateway,4,0,1,2,14,8,901,528,73
2026-08-09,Customer Portal,3,2,1,1,30,2,1209,559,61
2026-08-09,Internal Wiki,3,4,1,1,6,1,1131,572,56
2026-08-10,Finance Portal,2,1,0,2,47,0,558,268,52
2026-08-10,HR Application,4,4,0,2,12,7,1059,580,79
2026-08-10,Email Gateway,1,4,0,2,26,6,943,865,71
2026-08-10,Customer Portal,1,0,2,0,34,8,1092,1135,65
2026-08-10,Internal Wiki,3,2,2,1,16,4,1305,404,70
2026-08-11,Finance Portal,1,5,0,2,38,1,954,883,67
2026-08-11,HR Application,3,2,0,2,14,5,1341,429,60
2026-08-11,Email Gateway,2,1,0,1,4,5,1434,786,38
2026-08-11,Customer Portal,2,4,0,0,22,6,1280,738,57
2026-08-11,Internal Wiki,4,4,0,0,23,1,1221,677,50
2026-08-12,Finance Portal,3,1,2,2,20,2,1186,714,69
2026-08-12,HR Application,2,2,0,0,23,3,1008,1170,38
2026-08-12,Email Gateway,3,0,1,0,20,2,920,829,38
2026-08-12,Customer Portal,2,4,2,0,13,5,1454,242,70
2026-08-12,Internal Wiki,1,0,0,2,19,3,1471,626,38
2026-08-13,Finance Portal,1,4,2,2,38,4,1289,450,91
2026-08-13,HR Application,4,0,2,0,13,7,1151,695,64
2026-08-13,Email Gateway,3,4,0,1,23,5,1116,333,66
2026-08-13,Customer Portal,1,2,0,1,10,4,1220,453,39
2026-08-13,Internal Wiki,1,2,1,2,29,3,627,1033,64
2026-08-14,Finance Portal,3,1,0,1,40,7,1321,1100,66
2026-08-14,HR Application,4,4,1,0,16,5,399,251,69
2026-08-14,Email Gateway,4,2,2,0,9,6,574,1103,68
2026-08-14,Customer Portal,3,3,1,0,28,0,1467,775,51
2026-08-14,Internal Wiki,3,0,1,2,31,8,872,1045,78
2026-08-15,Finance Portal,1,1,0,1,35,5,1442,1161,50
2026-08-15,HR Application,4,4,0,0,5,2,982,1023,44
2026-08-15,Email Gateway,4,1,2,2,11,5,952,366,78
2026-08-15,Customer Portal,3,4,1,2,35,8,1303,925,100
2026-08-15,Internal Wiki,4,0,1,1,10,6,1495,515,57
2026-08-16,Finance Portal,1,4,1,1,34,0,1495,691,59
2026-08-16,HR Application,2,0,2,2,10,3,338,651,58
2026-08-16,Email Gateway,2,3,2,0,29,8,1265,1093,82
2026-08-16,Customer Portal,1,1,2,0,23,7,1376,585,62
2026-08-16,Internal Wiki,2,3,2,1,25,4,1291,396,76
2026-08-17,Finance Portal,3,5,1,0,37,4,724,906,78
2026-08-17,HR Application,3,4,2,1,21,1,1474,892,74
2026-08-17,Email Gateway,4,2,0,1,5,4,461,554,48
2026-08-17,Customer Portal,3,3,0,0,20,8,856,340,61
2026-08-17,Internal Wiki,2,1,0,2,17,3,407,302,46
2026-08-18,Finance Portal,4,1,2,0,23,8,623,616,76
2026-08-18,HR Application,2,2,1,1,6,1,1475,437,42
2026-08-18,Email Gateway,1,1,1,0,5,6,1314,390,40
2026-08-18,Customer Portal,3,0,0,1,9,5,882,665,40
2026-08-18,Internal Wiki,4,1,2,1,20,3,530,538,68
2026-08-19,Finance Portal,4,2,2,0,14,5,904,781,68
2026-08-19,HR Application,4,3,2,1,8,6,495,389,81
2026-08-19,Email Gateway,4,2,0,0,19,6,782,657,54
2026-08-19,Customer Portal,3,2,2,2,3,4,1036,909,72
2026-08-19,Internal Wiki,1,3,1,0,28,8,936,906,67
2026-08-20,Finance Portal,3,3,2,0,33,2,1279,356,70
2026-08-20,HR Application,4,4,2,0,18,1,1376,657,68
2026-08-20,Email Gateway,3,0,2,0,6,8,1335,407,59
2026-08-20,Customer Portal,2,1,1,2,31,1,720,934,58
2026-08-20,Internal Wiki,1,4,1,0,32,2,1351,625,56
2026-08-21,Finance Portal,1,6,1,2,33,0,1110,460,76
2026-08-21,HR Application,1,0,1,1,7,8,423,1157,50
2026-08-21,Email Gateway,4,0,1,1,14,2,1160,583,47
2026-08-21,Customer Portal,4,3,1,1,8,8,572,869,77
2026-08-21,Internal Wiki,1,1,2,1,11,15,307,3696,88
2026-08-22,Finance Portal,5,4,1,0,26,7,1008,358,84
2026-08-22,HR Application,5,4,0,0,16,16,506,4756,96
2026-08-22,Email Gateway,2,1,2,0,28,7,779,752,68
2026-08-22,Customer Portal,2,1,2,1,17,5,1482,812,64
2026-08-22,Internal Wiki,4,1,1,0,17,13,915,4404,78
2026-08-23,Finance Portal,5,4,1,0,43,6,1374,526,90
2026-08-23,HR Application,4,3,0,2,33,3,761,507,72
2026-08-23,Email Gateway,3,3,0,2,29,6,1441,742,76
2026-08-23,Customer Portal,3,2,0,1,8,7,1059,294,55
2026-08-23,Internal Wiki,3,0,1,1,5,1,685,1023,36
2026-08-24,Finance Portal,3,5,0,1,30,0,733,1159,60
2026-08-24,HR Application,5,1,2,2,16,6,790,765,87
2026-08-24,Email Gateway,4,3,1,2,25,4,835,568,82
2026-08-24,Customer Portal,5,3,0,2,33,5,716,579,82
2026-08-24,Internal Wiki,2,4,0,2,12,0,834,766,50
2026-08-25,Finance Portal,5,4,0,0,44,3,1077,783,71
2026-08-25,HR Application,4,2,1,2,34,7,644,950,90
2026-08-25,Email Gateway,3,1,2,2,34,2,1410,857,76
2026-08-25,Customer Portal,2,0,2,0,3,6,581,1062,48
2026-08-25,Internal Wiki,2,1,0,0,35,7,1064,261,52
2026-08-26,Finance Portal,5,3,0,0,43,0,334,742,56
2026-08-26,HR Application,5,1,0,0,12,3,693,834,40
2026-08-26,Email Gateway,4,2,1,0,26,6,1240,778,67
2026-08-26,Customer Portal,3,2,2,0,5,1,1130,588,48
2026-08-26,Internal Wiki,5,0,2,0,13,1,1323,1065,50
2026-08-27,Finance Portal,4,5,0,2,25,3,732,1122,78
2026-08-27,HR Application,2,0,2,1,5,2,944,216,44
2026-08-27,Email Gateway,3,3,0,1,13,3,1460,1054,50
2026-08-27,Customer Portal,4,3,2,0,8,8,1008,254,79
2026-08-27,Internal Wiki,3,0,1,2,28,5,360,849,67
2026-08-28,Finance Portal,5,3,0,1,44,6,680,896,83
2026-08-28,HR Application,4,1,2,0,8,4,615,589,57
2026-08-28,Email Gateway,3,3,1,1,9,1,310,1165,52
2026-08-28,Customer Portal,4,2,0,0,8,2,1182,659,36
2026-08-28,Internal Wiki,5,0,0,0,25,8,490,811,56
2026-08-29,Finance Portal,4,5,0,1,41,6,473,942,88
2026-08-29,HR Application,3,3,0,0,20,4,849,704,49
2026-08-29,Email Gateway,3,3,1,1,22,7,457,569,77
2026-08-29,Customer Portal,3,3,2,2,15,7,519,338,92
2026-08-29,Internal Wiki,5,2,2,1,24,7,985,640,91
2026-08-30,Finance Portal,3,3,1,2,30,7,943,381,89
2026-08-30,HR Application,5,4,0,1,27,4,1104,573,74
2026-08-30,Email Gateway,3,4,2,0,4,7,729,648,75
2026-08-30,Customer Portal,2,3,2,1,11,4,795,458,68
2026-08-30,Internal Wiki,5,3,0,1,33,6,1394,718,78
2026-08-31,Finance Portal,5,6,0,1,18,1,808,873,70
2026-08-31,HR Application,2,4,2,2,28,13,1181,2867,100
2026-08-31,Email Gateway,3,3,1,1,32,8,608,553,85
2026-08-31,Customer Portal,5,0,1,1,8,1,590,556,45
2026-08-31,Internal Wiki,5,1,2,1,25,7,499,648,86
2026-09-01,Finance Portal,5,4,0,1,13,1,346,1069,58
2026-09-01,HR Application,3,1,2,0,13,5,1446,636,58
2026-09-01,Email Gateway,3,3,2,0,14,6,1110,229,72
2026-09-01,Customer Portal,3,3,2,1,27,0,739,410,68
2026-09-01,Internal Wiki,2,4,0,2,14,5,967,401,66
2026-09-02,Finance Portal,4,4,2,2,39,6,1103,801,100
2026-09-02,HR Application,3,2,2,2,8,2,941,320,68
2026-09-02,Email Gateway,2,1,1,2,12,8,1095,628,69
2026-09-02,Customer Portal,5,3,0,1,14,8,641,701,74
2026-09-02,Internal Wiki,3,2,1,2,6,5,319,696,66
2026-09-03,Finance Portal,5,5,2,2,53,6,1307,625,100
2026-09-03,HR Application,3,0,2,0,17,4,366,481,52
2026-09-03,Email Gateway,4,1,1,2,34,8,1346,315,88
2026-09-03,Customer Portal,4,4,1,2,5,7,1418,423,86
2026-09-03,Internal Wiki,2,1,1,0,31,4,1013,1082,50
2026-09-04,Finance Portal,5,0,0,0,36,6,639,830,56
2026-09-04,HR Application,2,4,1,2,20,8,644,531,88
2026-09-04,Email Gateway,4,2,2,1,35,1,577,1185,74
2026-09-04,Customer Portal,5,0,1,2,11,2,811,349,58
2026-09-04,Internal Wiki,3,3,1,0,20,17,1068,2543,98
2026-09-05,Finance Portal,4,2,1,1,39,0,490,948,64
2026-09-05,HR Application,5,1,1,0,34,4,961,1048,64
2026-09-05,Email Gateway,3,4,1,1,6,0,503,841,53
2026-09-05,Customer Portal,5,0,0,0,31,7,301,1181,56
2026-09-05,Internal Wiki,3,2,0,1,8,5,812,284,49
2026-09-06,Finance Portal,3,0,1,2,30,3,1179,871,62
2026-09-06,HR Application,3,3,0,0,17,14,1211,3116,78
2026-09-06,Email Gateway,5,1,1,0,17,6,482,948,62
2026-09-06,Customer Portal,2,2,1,1,11,6,572,856,60
2026-09-06,Internal Wiki,3,0,2,2,3,2,1201,559,56
2026-09-07,Finance Portal,3,5,2,2,39,3,477,1118,100
2026-09-07,HR Application,5,2,1,1,11,3,867,860,62
2026-09-07,Email Gateway,4,0,2,1,16,8,1343,393,76
2026-09-07,Customer Portal,4,0,0,1,27,1,793,711,40
2026-09-07,Internal Wiki,2,4,0,1,23,2,1092,1081,54
2026-09-08,Finance Portal,5,3,2,2,19,7,449,217,100
2026-09-08,HR Application,3,0,0,1,35,4,1326,985,50
2026-09-08,Email Gateway,5,0,2,2,12,11,471,2849,95
2026-09-08,Customer Portal,4,3,2,2,7,4,1195,947,82
2026-09-08,Internal Wiki,3,0,0,0,30,1,1228,826,30
2026-09-09,Finance Portal,4,1,0,0,24,0,635,708,33
2026-09-09,HR Application,4,1,2,1,10,0,986,1026,54
2026-09-09,Email Gateway,2,2,2,2,7,7,1232,723,78
2026-09-09,Customer Portal,5,4,0,1,13,4,510,1115,66
2026-09-09,Internal Wiki,2,1,2,2,3,11,325,3440,84
2026-09-10,Finance Portal,3,2,0,2,44,3,959,454,69
2026-09-10,HR Application,2,4,1,0,35,0,667,428,56
2026-09-10,Email Gateway,2,3,0,1,21,4,970,288,54
2026-09-10,Customer Portal,2,2,0,1,22,3,1250,577,46
2026-09-10,Internal Wiki,5,1,2,2,18,2,313,1154,76
2026-09-11,Finance Portal,3,4,1,2,17,5,302,977,82
2026-09-11,HR Application,3,4,0,1,34,0,591,928,57
2026-09-11,Email Gateway,2,1,2,1,26,7,473,794,75
2026-09-11,Customer Portal,3,3,0,2,6,6,567,442,64
2026-09-11,Internal Wiki,4,3,2,2,23,5,1227,478,94
2026-09-12,Finance Portal,3,1,2,0,30,1,636,660,55
2026-09-12,HR Application,4,1,1,1,32,4,545,292,67
2026-09-12,Email Gateway,4,4,0,0,23,2,486,928,54
2026-09-12,Customer Portal,4,3,2,0,22,4,656,231,74
2026-09-12,Internal Wiki,5,4,2,2,18,1,1246,304,88
2026-09-13,Finance Portal,3,2,0,0,24,2,705,1043,40
2026-09-13,HR Application,4,0,0,0,15,7,563,294,44
2026-09-13,Email Gateway,4,0,0,1,6,2,1475,643,33
2026-09-13,Customer Portal,5,3,0,1,30,2,1024,419,64
2026-09-13,Internal Wiki,4,2,1,0,5,3,904,710,48
2026-09-14,Finance Portal,5,2,0,1,39,2,1158,404,64
2026-09-14,HR Application,2,3,2,1,33,8,1292,552,92
2026-09-14,Email Gateway,4,3,1,0,4,5,748,230,58
2026-09-14,Customer Portal,4,0,1,2,25,3,626,302,64
2026-09-14,Internal Wiki,3,2,2,2,6,3,1479,1066,70
2026-09-15,Finance Portal,5,4,0,0,34,5,1034,1135,72
2026-09-15,HR Application,3,4,0,1,22,2,1304,238,57
2026-09-15,Email Gateway,3,4,0,0,33,0,979,1139,48
2026-09-15,Customer Portal,3,2,2,0,23,0,344,351,54
2026-09-15,Internal Wiki,3,0,2,1,7,5,1110,800,58
2026-09-16,Finance Portal,5,2,0,0,46,7,949,378,74
2026-09-16,HR Application,4,3,1,2,21,13,663,4792,100
2026-09-16,Email Gateway,3,1,2,1,17,1,1316,344,56
2026-09-16,Customer Portal,3,1,1,1,13,9,987,3015,68
2026-09-16,Internal Wiki,3,2,1,0,3,0,1090,648,34
2026-09-17,Finance Portal,4,3,1,1,37,8,1068,303,92
2026-09-17,HR Application,6,0,0,1,4,5,834,1174,49
2026-09-17,Email Gateway,5,1,1,0,7,8,490,546,62
2026-09-17,Customer Portal,6,0,1,2,13,6,621,254,74
2026-09-17,Internal Wiki,4,1,1,2,19,4,909,443,68
2026-09-18,Finance Portal,6,6,2,1,26,0,1038,203,95
2026-09-18,HR Application,6,1,0,0,16,2,897,1200,43
2026-09-18,Email Gateway,3,2,1,1,34,4,486,857,69
2026-09-18,Customer Portal,4,2,1,1,14,7,391,469,72
2026-09-18,Internal Wiki,5,1,1,2,6,2,498,287,60
2026-09-19,Finance Portal,6,6,0,2,26,6,1370,628,100
2026-09-19,HR Application,4,3,1,0,28,0,1328,784,55
2026-09-19,Email Gateway,4,0,1,0,13,18,694,2149,86
2026-09-19,Customer Portal,6,1,2,0,19,5,437,289,74
2026-09-19,Internal Wiki,6,4,1,1,32,0,1370,1000,78
2026-09-20,Finance Portal,6,3,0,2,23,1,1452,998,70
2026-09-20,HR Application,5,3,1,1,34,7,376,376,91
2026-09-20,Email Gateway,4,4,2,2,28,0,1110,1110,86
2026-09-20,Customer Portal,4,0,2,1,20,5,341,545,69
2026-09-20,Internal Wiki,5,2,1,1,9,3,575,507,62
2026-09-21,Finance Portal,6,4,1,2,47,1,684,652,96
2026-09-21,HR Application,6,4,1,0,35,2,434,518,78
2026-09-21,Email Gateway,6,1,2,2,4,2,694,1096,73
2026-09-21,Customer Portal,3,1,0,1,6,5,707,480,43
2026-09-21,Internal Wiki,6,4,1,2,10,0,795,581,75
2026-09-22,Finance Portal,6,2,1,2,32,5,634,1057,91
2026-09-22,HR Application,3,3,0,0,16,3,761,893,44
2026-09-22,Email Gateway,6,4,0,2,3,7,570,862,82
2026-09-22,Customer Portal,3,1,1,2,22,4,1167,1116,66
2026-09-22,Internal Wiki,5,3,1,0,32,4,1366,1044,73
2026-09-23,Finance Portal,3,0,2,2,46,8,878,505,95
2026-09-23,HR Application,5,2,2,1,20,4,911,392,80
2026-09-23,Email Gateway,4,0,2,1,23,2,352,871,62
2026-09-23,Customer Portal,5,2,1,1,27,0,1494,925,62
2026-09-23,Internal Wiki,4,2,2,2,17,8,1274,1128,94
2026-09-24,Finance Portal,5,6,1,0,27,4,499,682,86
2026-09-24,HR Application,4,2,2,0,17,5,757,962,70
2026-09-24,Email Gateway,6,2,1,1,21,21,541,4571,100
2026-09-24,Customer Portal,3,3,0,2,10,6,1385,505,66
2026-09-24,Internal Wiki,4,1,0,1,29,7,593,523,64
2026-09-25,Finance Portal,4,0,1,1,25,5,418,204,62
2026-09-25,HR Application,4,3,0,0,30,6,1126,639,64
2026-09-25,Email Gateway,6,0,0,2,15,5,328,1113,62
2026-09-25,Customer Portal,4,0,2,0,18,3,1005,519,54
2026-09-25,Internal Wiki,6,4,2,1,13,1,393,505,82
2026-09-26,Finance Portal,6,5,2,2,44,6,574,550,100
2026-09-26,HR Application,4,1,1,0,17,3,568,416,48
2026-09-26,Email Gateway,4,0,1,2,5,6,823,989,62
2026-09-26,Customer Portal,3,4,0,2,9,0,398,906,52
2026-09-26,Internal Wiki,6,3,0,2,19,7,613,410,86
2026-09-27,Finance Portal,3,3,1,2,18,8,852,837,86
2026-09-27,HR Application,3,4,2,2,10,4,533,1003,85
2026-09-27,Email Gateway,4,4,0,1,15,5,1139,502,66
2026-09-27,Customer Portal,6,1,2,1,24,3,305,213,78
2026-09-27,Internal Wiki,3,4,2,1,12,1,1347,276,69
2026-09-28,Finance Portal,3,3,2,0,46,9,840,2890,97
2026-09-28,HR Application,5,3,2,0,9,0,319,1072,60
2026-09-28,Email Gateway,4,2,1,1,20,1,1063,1034,57
2026-09-28,Customer Portal,3,3,1,1,20,6,1279,1019,73
2026-09-28,Internal Wiki,4,0,0,2,6,2,512,626,41
2026-09-29,Finance Portal,6,4,2,1,34,18,1034,2861,100
2026-09-29,HR Application,6,3,0,0,19,5,325,921,64
2026-09-29,Email Gateway,4,2,2,2,9,6,809,693,84
2026-09-29,Customer Portal,6,1,2,2,6,0,621,717,68
2026-09-29,Internal Wiki,6,1,0,1,23,3,977,1193,58
2026-09-30,Finance Portal,4,4,2,1,47,3,461,670,96
2026-09-30,HR Application,6,3,1,0,34,0,510,613,66
2026-09-30,Email Gateway,3,0,2,2,22,8,1451,411,83
2026-09-30,Customer Portal,6,2,1,0,17,7,979,773,74
2026-09-30,Internal Wiki,6,2,2,1,10,1,754,202,70
